Year,Month,State,Higher Education Enrolments,VET Enrolments,Schools Enrolments,ELICOS Enrolments,Non-award Enrolments,Higher Education Commencements,VET Commencements,Schools Commencements,ELICOS Commencements,Non-award Commencements,Bus,Ferry,Light rail,Train,All,Unemployment rate(%),Underemployment rate(%),Employed people ('000),Hours worked (m),Hours worked Yearly change (%),Underemployment Males (%),Underemployment Females (%),AIRPORT,Dom_Pax_In,Dom_Pax_Out,Dom_Pax_Total,Int_Pax_In,Int_Pax_Out,Int_Pax_Total,Pax_In,Pax_Out,Pax_Total
2019,Jan,NSW,"98,257","59,377","4,596","19,714","7,580","1,762","8,893","1,896","4,653","1,485",22040138.0,1619996.0,625233.0,29925564.0,54210931.0,5.1,8.1,"12,747.20","1,762",3.6,6.2,10.4,SYDNEY,1151296,1138031,2289327,887489,768912,1656401,2038785,1906943,3945728
2019,Feb,NSW,"120,224","66,453","4,690","23,231","11,711","23,729","15,969","1,990","8,170","5,616",25713814.0,1266715.0,888350.0,32218764.0,60087643.0,5.0,8.1,"12,747.30","1,764",2.3,6.3,10.1,SYDNEY,1041047,1041948,2082995,707952,612960,1320912,1748999,1654908,3403907
2019,Mar,NSW,"127,674","68,510","4,699","26,951","12,724","31,179","18,026","1,999","11,890","6,629",28742223.0,1300757.0,1010066.0,36530266.0,67583312.0,5.1,8.3,"12,780.70","1,779",3.0,6.5,10.2,SYDNEY,1168035,1163665,2331700,656438,672111,1328549,1824473,1835776,3660249
2019,Apr,NSW,"127,956","77,985","4,966","32,101","13,073","31,461","27,501","2,266","17,040","6,978",24442222.0,1432483.0,905526.0,32810678.0,59590909.0,5.2,8.5,"12,814.50","1,770",1.5,6.9,10.3,SYDNEY,1143091,1140011,2283102,681293,719809,1401102,1824384,1859820,3684204
2019,May,NSW,"128,959","82,314","4,987","35,679","13,219","32,464","31,830","2,287","20,618","7,124",28499242.0,1179849.0,912170.0,37562121.0,68153382.0,5.2,8.6,"12,846.40","1,768",2.1,6.9,10.5,SYDNEY,1112636,1105077,2217713,641103,658543,1299646,1753739,1763620,3517359
2019,Jun,NSW,"130,129","83,625","4,991","38,603","13,647","33,634","33,141","2,291","23,542","7,552",24240764.0,1167062.0,936680.0,32112300.0,58456806.0,5.2,8.2,"12,865.10","1,770",1.5,6.6,9.9,SYDNEY,1056674,1037459,2094133,609046,697055,1306101,1665720,1734514,3400234
2019,Jul,NSW,"141,222","94,824","5,679","42,740","16,088","44,727","44,340","2,979","27,679","9,993",25323013.0,1258359.0,986972.0,34148122.0,61716466.0,5.2,8.4,"12,883.30","1,773",1.7,6.7,10.3,SYDNEY,1179466,1208057,2387523,758328,692756,1451084,1937794,1900813,3838607
2019,Aug,NSW,"147,793","99,036","5,692","46,556","18,918","51,298","48,552","2,992","31,495","12,823",26952521.0,1106000.0,989046.0,34927511.0,63975078.0,5.3,8.5,"12,930.20","1,777",1.9,7.0,10.3,SYDNEY,1154302,1141216,2295518,688054,695834,1383888,1842356,1837050,3679406
2019,Sep,NSW,"153,468","103,057","5,701","51,934","19,546","56,973","52,573","3,001","36,873","13,451",25626287.0,1156158.0,857368.0,33518338.0,61158151.0,5.2,8.3,"12,946.00","1,779",1.8,6.8,10.0,SYDNEY,1138830,1146456,2285286,668842,689778,1358620,1807672,1836234,3643906
2019,Oct,NSW,"154,758","111,607","5,944","56,261","20,756","58,263","61,123","3,244","41,200","14,661",26664094.0,1340447.0,998665.0,34998484.0,64001690.0,5.3,8.5,"12,919.30","1,777",1.2,6.7,10.6,SYDNEY,1276535,1267353,2543888,759129,665258,1424387,2035664,1932611,3968275
2019,Nov,NSW,"157,664","116,078","5,959","60,437","21,190","61,169","65,594","3,259","45,376","15,095",27053049.0,1266976.0,976810.0,34137150.0,63433985.0,5.1,8.3,"12,952.20","1,776",1.3,6.6,10.1,SYDNEY,1190189,1188233,2378422,677641,682256,1359897,1867830,1870489,3738319
2019,Dec,NSW,"157,823","116,736","5,963","62,557","21,765","61,328","66,252","3,263","47,496","15,670",23199767.0,1457726.0,1683616.0,30275150.0,56616259.0,5.1,8.2,"12,967.00","1,783",2.0,6.6,10.1,SYDNEY,1167955,1180842,2348797,728207,871647,1599854,1896162,2052489,3948651
2020,Jan,NSW,"105,650","67,869","4,295","18,218","7,632","1,707","8,789","1,724","4,334","1,506",22130032.0,1522325.0,2180906.0,29399461.0,55232724.0,5.3,8.6,"12,984.00","1,774",0.7,6.7,10.8,SYDNEY,1142353,1131604,2273957,877231,775800,1653031,2019584,1907404,3926988
2020,Feb,NSW,"123,273","74,613","4,387","21,352","11,604","19,330","15,533","1,816","7,468","5,478",25206493.0,1063308.0,1950759.0,30168810.0,58389370.0,5.1,8.6,"13,000.90","1,771",0.4,6.6,10.8,SYDNEY,1003957,983714,1987671,595097,506896,1101993,1599054,1490610,3089664
2020,Mar,NSW,"129,400","77,610","4,400","24,868","12,415","25,457","18,530","1,829","10,984","6,289",19191569.0,677265.0,1264683.0,22506278.0,43639795.0,5.2,8.8,"13,002.20","1,769",-0.5,7.2,10.6,SYDNEY,657237,661525,1318762,341102,344459,685561,998339,1005984,2004323
2020,Apr,NSW,"129,599","85,910","4,505","27,324","12,516","25,656","26,830","1,934","13,440","6,390",5504822.0,91230.0,232032.0,6095725.0,11923809.0,6.3,13.8,"12,401.50","1,588",-10.3,12.6,15.1,SYDNEY,28082,20096,48178,7751,33619,41370,35833,53715,89548
2020,May,NSW,"130,275","90,236","4,512","29,452","12,660","26,332","31,156","1,941","15,568","6,534",8549735.0,203728.0,443833.0,9323674.0,18520970.0,7.0,13.1,"12,125.00","1,608",-9.1,12.2,14.1,SYDNEY,33504,28774,62278,10119,20218,30337,43623,48992,92615
2020,Jun,NSW,"132,807","92,094","4,523","31,809","13,042","28,864","33,014","1,952","17,925","6,916",12386023.0,377351.0,772279.0,13762670.0,27298323.0,7.4,11.7,"12,368.80","1,669",-5.7,10.8,12.6,SYDNEY,74605,65547,140152,12537,21934,34471,87142,87481,174623
2020,Jul,NSW,"138,624","101,666","4,641","33,271","13,727","34,681","42,586","2,070","19,387","7,601",13132371.0,463754.0,994370.0,15446904.0,30037399.0,7.5,11.2,"12,469.70","1,686",-4.9,10.4,12.2,SYDNEY,134227,140497,274724,12877,29798,42675,147104,170295,317399
2020,Aug,NSW,"147,039","106,459","4,646","35,406","14,219","43,096","47,379","2,075","21,522","8,093",13107189.0,369977.0,965468.0,14385299.0,28827933.0,6.8,11.3,"12,626.10","1,690",-4.9,10.6,12.1,SYDNEY,55176,35022,90198,9825,28770,38595,65001,63792,128793
2020,Sep,NSW,"151,052","109,196","4,649","37,339","14,314","47,109","50,116","2,078","23,455","8,188",13690626.0,441991.0,1059605.0,15556289.0,30748511.0,6.9,11.4,"12,586.20","1,690",-5.0,10.7,12.1,SYDNEY,51249,45899,97148,10035,24897,34932,61284,70796,132080
2020,Oct,NSW,"151,830","116,687","4,684","39,147","14,891","47,887","57,607","2,113","25,263","8,765",14059038.0,560732.0,1277545.0,16502457.0,32399772.0,6.9,10.4,"12,753.10","1,730",-2.6,9.1,11.8,SYDNEY,96350,89142,185492,13108,23983,37091,109458,113125,222583
2020,Nov,NSW,"153,517","120,735","4,688","41,012","15,165","49,574","61,655","2,117","27,128","9,039",14809745.0,529113.0,1391815.0,17317270.0,34047943.0,6.8,9.3,"12,839.80","1,754",-1.2,7.9,10.8,SYDNEY,158324,148823,307147,15900,24368,40268,174224,173191,347415
2020,Dec,NSW,"153,540","121,182","4,697","41,607","15,170","49,597","62,102","2,126","27,723","9,044",13391873.0,481290.0,1452246.0,16173796.0,31499205.0,6.6,8.5,"12,866.90","1,751",-1.8,7.0,10.2,SYDNEY,322699,336374,659073,16152,26436,42588,338851,362810,701661
2021,Jan,NSW,"98,129","65,380","2,591","6,445","3,983","1,020","7,057",570,"1,516",760,11567325.0,539271.0,1273629.0,13616536.0,26996761.0,6.4,8.2,"12,895.80","1,669",-5.9,6.9,9.6,SYDNEY,114029,82773,196802,11032,20684,31716,125061,103457,228518
2021,Feb,NSW,"108,396","71,113","2,959","7,526","4,325","11,287","12,790",938,"2,597","1,102",14964876.0,547260.0,1663207.0,17765453.0,34940796.0,5.8,8.4,"12,982.70","1,765",-0.3,7.3,9.7,SYDNEY,292959,302746,595705,9983,14635,24618,302942,317381,620323
2021,Mar,NSW,"120,019","73,295","2,964","9,099","4,770","22,910","14,972",943,"4,170","1,547",17032074.0,609963.0,1816634.0,20925803.0,40384474.0,5.7,8.0,"13,060.40","1,809",2.2,6.7,9.4,SYDNEY,556632,564536,1121168,13957,15381,29338,570589,579917,1150506
2021,Apr,NSW,"120,151","80,514","2,989","10,263","4,858","23,042","22,191",968,"5,334","1,635",15471111.0,926107.0,2147622.0,20552499.0,39097339.0,5.4,7.9,"13,021.10","1,783",12.3,6.6,9.3,SYDNEY,750556,738789,1489345,21742,27003,48745,772298,765792,1538090
2021,May,NSW,"122,110","84,310","2,995","11,512","5,024","25,001","25,987",974,"6,583","1,801",16650452.0,660979.0,1999285.0,21038609.0,40349325.0,5.1,7.5,"13,124.70","1,817",13.0,6.4,8.7,SYDNEY,676101,671249,1347350,41234,42708,83942,717335,713957,1431292
2021,Jun,NSW,"122,562","85,358","2,995","12,402","5,189","25,453","27,035",974,"7,473","1,966",13859329.0,486379.0,1672701.0,17193476.0,33211885.0,4.9,7.9,"13,161.30","1,787",7.1,6.9,9.1,SYDNEY,453658,451817,905475,39699,40536,80235,493357,492353,985710
2021,Jul,NSW,"126,533","93,027","3,042","13,117","5,751","29,424","34,704","1,021","8,188","2,528",5106594.0,80887.0,351491.0,5268833.0,10807805.0,4.6,8.3,"13,159.80","1,779",5.5,7.1,9.6,SYDNEY,40553,27111,67664,12380,19811,32191,52933,46922,99855
2021,Aug,NSW,"133,128","96,317","3,049","14,180","5,949","36,019","37,994","1,028","9,251","2,726",4287197.0,59618.0,286466.0,4245889.0,8879170.0,4.5,9.3,"13,021.80","1,718",1.6,8.5,10.1,SYDNEY,13222,11544,24766,7955,18448,26403,21177,29992,51169
2021,Sep,NSW,"137,463","98,720","3,052","15,049","6,055","40,354","40,397","1,031","10,120","2,832",4657167.0,82924.0,350163.0,4592053.0,9682307.0,4.7,9.2,"12,883.50","1,728",2.3,8.5,10.0,SYDNEY,12745,9916,22661,4410,14062,18472,17155,23978,41133
2021,Oct,NSW,"137,906","103,777","3,069","16,023","6,414","40,797","45,454","1,048","11,094","3,191",8399539.0,332483.0,845402.0,9256566.0,18833990.0,5.2,9.4,"12,849.30","1,729",-0.1,8.9,10.1,SYDNEY,25530,19808,45338,3662,15753,19415,29192,35561,64753
2021,Nov,NSW,"139,058","107,141","3,071","17,000","6,636","41,949","48,818","1,050","12,071","3,413",12436572.0,441196.0,1020639.0,14568385.0,28466792.0,4.6,7.4,"13,233.30","1,808",3.1,6.2,8.8,SYDNEY,205713,200654,406367,42178,49870,92048,247891,250524,498415
2021,Dec,NSW,"139,128","107,541","3,073","17,331","6,636","42,019","49,218","1,052","12,402","3,413",11147012.0,632380.0,1306423.0,13901180.0,26986995.0,4.2,6.6,"13,302.90","1,824",4.2,5.6,7.8,SYDNEY,454384,494734,949118,112920,129642,242562,567304,624376,1191680
